{
  "description": {
    "title": "Catedral Comercial",
    "text": "A Catedral nasce dos sonhos e esforços conjuntos de uma família, no qual visam um atendimento de alta qualidade, com o intuito de levar beleza e requinte em cama mesa e banho para o conforto do seu lar."
  },
  "links_1": {
    "list_pages": true,
    "title": "Páginas",
    "list": []
  },
  "links_2": {
    "list_categories": true,
    "title": "Categorias",
    "list": []
  },
  "contacts": {
    "title": "Contatos",
    "phone_wpp": true,
    "socials": true,
    "email": true,
    "address": true
  },
  "stamps": [
    {
      "src": "/img/uploads/ssl-safe.png",
      "alt": "Secure connection"
    },
    {
      "src": "/img/uploads/selo-google.png",
      "link": "https://transparencyreport.google.com/safe-browsing/search?url=www.jessimake.com.br&hl=pt_BR"
    }
  ],
  "payment_methods": {
    "bb": true,
    "visa": true,
    "boleto": false,
    "aura": false,
    "banrisul": false,
    "elo": false,
    "hipercard": false,
    "hsbc": false,
    "bradesco": false,
    "santander": true,
    "mastercard": true,
    "citibank": false,
    "mais": false,
    "itau": false
  },
  "credits": ""
}