{
  "marketing_stripe": {
    "text": "Sejam bem vindos(as) a Catedral Comercial, SOBRE NÓS!",
    "link": "https://www.catedralcomercial.com.br/pages/sobre-nos"
  },
  "contacts_stripe": {
    "pages": [
      {
        "title": "Sobre nós",
        "link": "https://www.catedralcomercial.com.br/pages/sobre-nos"
      }
    ],
    "phone_wpp": true,
    "socials": true
  },
  "categories_list": {
    "featured": [],
    "random": 15,
    "full_width": false
  },
  "desktop_megamenu": false,
  "search_input": true
}