{
  "meta_title": "Catedral Comercial",
  "meta_description": "Catedral Comercial",
  "sections": [
    {
      "type": "banner-slider",
      "autoplay": 3000,
      "full_width": false,
      "slides": [
        {
          "start": "",
          "end": "",
          "img": "/img/uploads/ivy-bds-1-.png"
        },
        {
          "start": "",
          "end": "",
          "img": "/img/uploads/ivy-bds.png"
        },
        {
          "start": "",
          "end": "",
          "img": "/img/uploads/3.png"
        }
      ]
    },
    {
      "type": "info-bar",
      "enabled": true
    },
    {
      "type": "dynamic-showcase",
      "load_more": true,
      "sort": "slug"
    }
  ]
}